[
  {
    "id": "offre-INTERPRO",
    "code": "INTERPRO",
    "libelle": "Offre INTERPRO",
    "catalogues": [
      {
        "id": "cat-int-2025-sante",
        "risque": "sante",
        "annee": 2025,
        "version": "2025 v1.6",
        "status": "active",
        "niveaux": [
          { "id": "n1-int", "code": "N1", "ordre": 1 },
          { "id": "n2-int", "code": "N2", "ordre": 2 },
          { "id": "n3-int", "code": "N3", "ordre": 3 }
        ],
        "modules": [
          {
            "id": "mod-soins",
            "code": "SOINS_COURANTS",
            "libelle": "Soins Courants",
            "categories": [
              {
                "id": "cat-hon-med",
                "code": "HONORAIRES_MEDICAUX",
                "libelle": "Honoraires Médicaux",
                "acts": [
                  { "id": "act-consult-dptam", "code": "CONSULT_MED_DPTAM", "libelle": "Consultation médecin adhérant DPTAM", "allow_surco": true }
                ]
              }
            ]
          },
          {
            "id": "mod-dentaire",
            "code": "DENTAIRE",
            "libelle": "Dentaire",
            "categories": [
              { "id": "cat-100s", "code": "SOINS_100_SANTE", "libelle": "Soins 100% santé", "acts": [] }
            ]
          }
        ],
        "valeurs": {
          "acte_valeur": [
            { "cat_acte_id": "act-consult-dptam", "niveau_id": "n1-int", "kind": "base", "mode": "taux_sur_base", "base": "tm", "taux": 100, "unite": "pourcent", "expression": "100% TM" },
            { "cat_acte_id": "act-consult-dptam", "niveau_id": "n2-int", "kind": "base", "mode": "taux_sur_base", "base": "tm", "taux": 200, "unite": "pourcent", "expression": "200% TM" },
            { "cat_acte_id": "act-consult-dptam", "niveau_id": "n3-int", "kind": "base", "mode": "texte_libre", "expression": "TM + 50% BR" },
            { "cat_acte_id": "act-consult-dptam", "niveau_id": "n1-int", "kind": "surco", "mode": "taux_sur_base", "base": "br", "taux": 20, "unite": "pourcent", "expression": "20% BR" }
          ],
          "categorie_valeur": [
            { "cat_categorie_id": "cat-100s", "niveau_id": "n1-int", "kind": "base", "mode": "texte_libre", "expression": "100% PLV-MR" },
            { "cat_categorie_id": "cat-100s", "niveau_id": "n2-int", "kind": "base", "mode": "texte_libre", "expression": "100% PLV-MR" },
            { "cat_categorie_id": "cat-100s", "niveau_id": "n3-int", "kind": "base", "mode": "texte_libre", "expression": "100% PLV-MR" }
          ]
        }
      },
      {
        "id": "cat-int-2025-prev",
        "risque": "prevoyance",
        "annee": 2025,
        "version": "2025 v1.0",
        "status": "active",
        "niveaux": [
          { "id": "p1-int", "code": "P1", "ordre": 1 },
          { "id": "p2-int", "code": "P2", "ordre": 2 }
        ],
        "modules": [
          {
            "id": "mod-deces",
            "code": "DECES",
            "libelle": "Décès",
            "categories": [
              {
                "id": "cat-capital-deces",
                "code": "CAPITAL_DECES",
                "libelle": "Capital décès",
                "acts": [
                  { "id": "act-capital-deces", "code": "CAPITAL", "libelle": "Capital en cas de décès", "allow_surco": false }
                ]
              }
            ]
          },
          {
            "id": "mod-incap",
            "code": "INCAPACITE",
            "libelle": "Incapacité",
            "categories": [
              {
                "id": "cat-ij",
                "code": "INDEMNITES_JOURNALIERES",
                "libelle": "Indemnités journalières",
                "acts": [
                  { "id": "act-ij", "code": "IJ", "libelle": "Indemnités journalières", "allow_surco": false }
                ]
              }
            ]
          }
        ],
        "valeurs": {
          "acte_valeur": [
            { "cat_acte_id": "act-capital-deces", "niveau_id": "p1-int", "kind": "base", "mode": "montant_forfait", "montant": 20000, "unite": "eur", "expression": "Capital 20 000 €" },
            { "cat_acte_id": "act-capital-deces", "niveau_id": "p2-int", "kind": "base", "mode": "montant_forfait", "montant": 40000, "unite": "eur", "expression": "Capital 40 000 €" },
            { "cat_acte_id": "act-ij", "niveau_id": "p1-int", "kind": "base", "mode": "montant_forfait", "montant": 45, "unite": "eur", "expression": "45 € / jour (max 90j)", "condition_json": { "max_jours": 90 } },
            { "cat_acte_id": "act-ij", "niveau_id": "p2-int", "kind": "base", "mode": "montant_forfait", "montant": 65, "unite": "eur", "expression": "65 € / jour (max 180j)", "condition_json": { "max_jours": 180 } }
          ],
          "categorie_valeur": []
        }
      }
    ]
  },
  {
    "id": "offre-PROPLUS",
    "code": "PROPLUS",
    "libelle": "Offre PROPLUS",
    "catalogues": [
      {
        "id": "cat-pro-2025-sante",
        "risque": "sante",
        "annee": 2025,
        "version": "2025 v1.0",
        "status": "active",
        "niveaux": [{ "id": "n1-pro", "code": "N1", "ordre": 1 }],
        "modules": [],
        "valeurs": { "acte_valeur": [], "categorie_valeur": [] }
      },
      {
        "id": "cat-pro-2025-prev",
        "risque": "prevoyance",
        "annee": 2025,
        "version": "2025 v1.0",
        "status": "active",
        "niveaux": [{ "id": "p1-pro", "code": "P1", "ordre": 1 }],
        "modules": [],
        "valeurs": { "acte_valeur": [], "categorie_valeur": [] }
      }
    ]
  }
]